"COUNTRY","INDICATOR","TYPE_OF_TRANSFORMATION","FREQUENCY","TIME_PERIOD","OBS_VALUE","SCALE","PRECISION","DECIMALS_DISPLAYED","DERIVATION_TYPE","OVERLAP","IFS_FLAG","STATUS","ACCESS_SHARING_LEVEL","ACCESS_SHARING_NOTES","SECURITY_CLASSIFICATION","SOURCE"
"Türkiye, Republic of","Liabilities, Transferable Deposits, Included In Broad Money","Domestic currency","Quarterly","2011-Q1","111855.211","Millions","","","Reported official data","","true","","Public (Unrestricted)","","Public or Unrestricted",""
"Türkiye, Republic of","Liabilities, Transferable Deposits, Included In Broad Money","Domestic currency","Quarterly","2011-Q2","119702.007","Millions","","","Reported official data","","true","","Public (Unrestricted)","","Public or Unrestricted",""
"Türkiye, Republic of","Liabilities, Transferable Deposits, Included In Broad Money","Domestic currency","Quarterly","2011-Q3","126617.917","Millions","","","Reported official data","","true","","Public (Unrestricted)","","Public or Unrestricted",""
"Türkiye, Republic of","Liabilities, Transferable Deposits, Included In Broad Money","Domestic currency","Quarterly","2011-Q4","132077.33","Millions","","","Reported official data","","true","","Public (Unrestricted)","","Public or Unrestricted",""
"Türkiye, Republic of","Liabilities, Transferable Deposits, Included In Broad Money","Domestic currency","Quarterly","2012-Q1","122425.934","Millions","","","Reported official data","","true","","Public (Unrestricted)","","Public or Unrestricted",""
"Türkiye, Republic of","Liabilities, Transferable Deposits, Included In Broad Money","Domestic currency","Quarterly","2012-Q2","133650.323","Millions","","","Reported official data","","true","","Public (Unrestricted)","","Public or Unrestricted",""
"Türkiye, Republic of","Liabilities, Transferable Deposits, Included In Broad Money","Domestic currency","Quarterly","2012-Q3","135730.078","Millions","","","Reported official data","","true","","Public (Unrestricted)","","Public or Unrestricted",""
"Türkiye, Republic of","Liabilities, Transferable Deposits, Included In Broad Money","Domestic currency","Quarterly","2012-Q4","143945.947","Millions","","","Reported official data","","true","","Public (Unrestricted)","","Public or Unrestricted",""
"Türkiye, Republic of","Liabilities, Transferable Deposits, Included In Broad Money","Domestic currency","Quarterly","2013-Q1","142171.472","Millions","","","Reported official data","","true","","Public (Unrestricted)","","Public or Unrestricted",""
"Türkiye, Republic of","Liabilities, Transferable Deposits, Included In Broad Money","Domestic currency","Quarterly","2013-Q2","155035.006","Millions","","","Reported official data","","true","","Public (Unrestricted)","","Public or Unrestricted",""
"Türkiye, Republic of","Liabilities, Transferable Deposits, Included In Broad Money","Domestic currency","Quarterly","2013-Q3","161763.948","Millions","","","Reported official data","","true","","Public (Unrestricted)","","Public or Unrestricted",""
"Türkiye, Republic of","Liabilities, Transferable Deposits, Included In Broad Money","Domestic currency","Quarterly","2013-Q4","173277.84","Millions","","","Reported official data","","true","","Public (Unrestricted)","","Public or Unrestricted",""
"Türkiye, Republic of","Liabilities, Transferable Deposits, Included In Broad Money","Domestic currency","Quarterly","2014-Q1","167055.837","Millions","","","Reported official data","","true","","Public (Unrestricted)","","Public or Unrestricted",""
"Türkiye, Republic of","Liabilities, Transferable Deposits, Included In Broad Money","Domestic currency","Quarterly","2014-Q2","178632.794","Millions","","","Reported official data","","true","","Public (Unrestricted)","","Public or Unrestricted",""
"Türkiye, Republic of","Liabilities, Transferable Deposits, Included In Broad Money","Domestic currency","Quarterly","2014-Q3","188384.042","Millions","","","Reported official data","","true","","Public (Unrestricted)","","Public or Unrestricted",""
"Türkiye, Republic of","Liabilities, Transferable Deposits, Included In Broad Money","Domestic currency","Quarterly","2014-Q4","194340.482","Millions","","","Reported official data","","true","","Public (Unrestricted)","","Public or Unrestricted",""
"Türkiye, Republic of","Liabilities, Transferable Deposits, Included In Broad Money","Domestic currency","Quarterly","2015-Q1","197973.317","Millions","","","Reported official data","","true","","Public (Unrestricted)","","Public or Unrestricted",""
"Türkiye, Republic of","Liabilities, Transferable Deposits, Included In Broad Money","Domestic currency","Quarterly","2015-Q2","216487.768","Millions","","","Reported official data","","true","","Public (Unrestricted)","","Public or Unrestricted",""
"Türkiye, Republic of","Liabilities, Transferable Deposits, Included In Broad Money","Domestic currency","Quarterly","2015-Q3","233001.229","Millions","","","Reported official data","","true","","Public (Unrestricted)","","Public or Unrestricted",""
"Türkiye, Republic of","Liabilities, Transferable Deposits, Included In Broad Money","Domestic currency","Quarterly","2015-Q4","230410.099","Millions","","","Reported official data","","true","","Public (Unrestricted)","","Public or Unrestricted",""
"Türkiye, Republic of","Liabilities, Transferable Deposits, Included In Broad Money","Domestic currency","Quarterly","2016-Q1","234485.14237874","Millions","","","Reported official data","","true","","Public (Unrestricted)","","Public or Unrestricted",""
"Türkiye, Republic of","Liabilities, Transferable Deposits, Included In Broad Money","Domestic currency","Quarterly","2016-Q2","249303.1833498","Millions","","","Reported official data","","true","","Public (Unrestricted)","","Public or Unrestricted",""
"Türkiye, Republic of","Liabilities, Transferable Deposits, Included In Broad Money","Domestic currency","Quarterly","2016-Q3","246510.10718827","Millions","","","Reported official data","","true","","Public (Unrestricted)","","Public or Unrestricted",""
"Türkiye, Republic of","Liabilities, Transferable Deposits, Included In Broad Money","Domestic currency","Quarterly","2016-Q4","282309.70703762","Millions","","","Reported official data","","true","","Public (Unrestricted)","","Public or Unrestricted",""
"Türkiye, Republic of","Liabilities, Transferable Deposits, Included In Broad Money","Domestic currency","Quarterly","2017-Q1","300113.27319867","Millions","","","Reported official data","","true","","Public (Unrestricted)","","Public or Unrestricted",""
"Türkiye, Republic of","Liabilities, Transferable Deposits, Included In Broad Money","Domestic currency","Quarterly","2017-Q2","315657.48778757","Millions","","","Reported official data","","true","","Public (Unrestricted)","","Public or Unrestricted",""
"Türkiye, Republic of","Liabilities, Transferable Deposits, Included In Broad Money","Domestic currency","Quarterly","2017-Q3","327304.57562458","Millions","","","Reported official data","","true","","Public (Unrestricted)","","Public or Unrestricted",""
"Türkiye, Republic of","Liabilities, Transferable Deposits, Included In Broad Money","Domestic currency","Quarterly","2017-Q4","343902.57752731","Millions","","","Reported official data","","true","","Public (Unrestricted)","","Public or Unrestricted",""
"Türkiye, Republic of","Liabilities, Transferable Deposits, Included In Broad Money","Domestic currency","Quarterly","2018-Q1","343410.27815457","Millions","","","Reported official data","","true","","Public (Unrestricted)","","Public or Unrestricted",""
"Türkiye, Republic of","Liabilities, Transferable Deposits, Included In Broad Money","Domestic currency","Quarterly","2018-Q2","392223.71849145","Millions","","","Reported official data","","true","","Public (Unrestricted)","","Public or Unrestricted",""
"Türkiye, Republic of","Liabilities, Transferable Deposits, Included In Broad Money","Domestic currency","Quarterly","2018-Q3","429988.89123318","Millions","","","Reported official data","","true","","Public (Unrestricted)","","Public or Unrestricted",""
"Türkiye, Republic of","Liabilities, Transferable Deposits, Included In Broad Money","Domestic currency","Quarterly","2018-Q4","398390.19441008","Millions","","","Reported official data","","true","","Public (Unrestricted)","","Public or Unrestricted",""
"Türkiye, Republic of","Liabilities, Transferable Deposits, Included In Broad Money","Domestic currency","Quarterly","2019-Q1","482963.28186376","Millions","","","Reported official data","","true","","Public (Unrestricted)","","Public or Unrestricted",""
"Türkiye, Republic of","Liabilities, Transferable Deposits, Included In Broad Money","Domestic currency","Quarterly","2019-Q2","515110.01361829","Millions","","","Reported official data","","true","","Public (Unrestricted)","","Public or Unrestricted",""
"Türkiye, Republic of","Liabilities, Transferable Deposits, Included In Broad Money","Domestic currency","Quarterly","2019-Q3","549381.34465621","Millions","","","Reported official data","","true","","Public (Unrestricted)","","Public or Unrestricted",""
"Türkiye, Republic of","Liabilities, Transferable Deposits, Included In Broad Money","Domestic currency","Quarterly","2019-Q4","617942.3400535","Millions","","","Reported official data","","true","","Public (Unrestricted)","","Public or Unrestricted",""
"Türkiye, Republic of","Liabilities, Transferable Deposits, Included In Broad Money","Domestic currency","Quarterly","2020-Q1","728870.27204288","Millions","","","Reported official data","","true","","Public (Unrestricted)","","Public or Unrestricted",""
"Türkiye, Republic of","Liabilities, Transferable Deposits, Included In Broad Money","Domestic currency","Quarterly","2020-Q2","941708.20605417","Millions","","","Reported official data","","true","","Public (Unrestricted)","","Public or Unrestricted",""
"Türkiye, Republic of","Liabilities, Transferable Deposits, Included In Broad Money","Domestic currency","Quarterly","2020-Q3","1069524.78217784","Millions","","","Reported official data","","true","","Public (Unrestricted)","","Public or Unrestricted",""
"Türkiye, Republic of","Liabilities, Transferable Deposits, Included In Broad Money","Domestic currency","Quarterly","2020-Q4","1072091.388","Millions","","","Reported official data","","true","","Public (Unrestricted)","","Public or Unrestricted",""
"Türkiye, Republic of","Liabilities, Transferable Deposits, Included In Broad Money","Domestic currency","Quarterly","2021-Q1","1117464.50415384","Millions","","","Reported official data","","true","","Public (Unrestricted)","","Public or Unrestricted",""
"Türkiye, Republic of","Liabilities, Transferable Deposits, Included In Broad Money","Domestic currency","Quarterly","2021-Q2","1230051.61820027","Millions","","","Reported official data","","true","","Public (Unrestricted)","","Public or Unrestricted",""
"Türkiye, Republic of","Liabilities, Transferable Deposits, Included In Broad Money","Domestic currency","Quarterly","2021-Q3","1313609.66599825","Millions","","","Reported official data","","true","","Public (Unrestricted)","","Public or Unrestricted",""
"Türkiye, Republic of","Liabilities, Transferable Deposits, Included In Broad Money","Domestic currency","Quarterly","2021-Q4","1934125.18578611","Millions","","","Reported official data","","true","","Public (Unrestricted)","","Public or Unrestricted",""
"Türkiye, Republic of","Liabilities, Transferable Deposits, Included In Broad Money","Domestic currency","Quarterly","2022-Q1","2079837.35870625","Millions","","","Reported official data","","true","","Public (Unrestricted)","","Public or Unrestricted",""
"Türkiye, Republic of","Liabilities, Transferable Deposits, Included In Broad Money","Domestic currency","Quarterly","2022-Q2","2341336.53731271","Millions","","","Reported official data","","true","","Public (Unrestricted)","","Public or Unrestricted",""
"Türkiye, Republic of","Liabilities, Transferable Deposits, Included In Broad Money","Domestic currency","Quarterly","2022-Q3","2544408.456","Millions","","","Reported official data","","true","","Public (Unrestricted)","","Public or Unrestricted",""
"Türkiye, Republic of","Liabilities, Transferable Deposits, Included In Broad Money","Domestic currency","Quarterly","2022-Q4","2801472.366","Millions","","","Reported official data","","true","","Public (Unrestricted)","","Public or Unrestricted",""
"Türkiye, Republic of","Liabilities, Transferable Deposits, Included In Broad Money","Domestic currency","Quarterly","2023-Q1","3127126.883","Millions","","","Reported official data","","true","","Public (Unrestricted)","","Public or Unrestricted",""
"Türkiye, Republic of","Liabilities, Transferable Deposits, Included In Broad Money","Domestic currency","Quarterly","2023-Q2","3719110.846","Millions","","","Reported official data","","true","","Public (Unrestricted)","","Public or Unrestricted",""
"Türkiye, Republic of","Liabilities, Transferable Deposits, Included In Broad Money","Domestic currency","Quarterly","2023-Q3","4194840.22682691","Millions","","","Reported official data","","true","","Public (Unrestricted)","","Public or Unrestricted",""
"Türkiye, Republic of","Liabilities, Transferable Deposits, Included In Broad Money","Domestic currency","Quarterly","2023-Q4","4496843.69791545","Millions","","","Reported official data","","true","","Public (Unrestricted)","","Public or Unrestricted",""
"Türkiye, Republic of","Liabilities, Transferable Deposits, Included In Broad Money","Domestic currency","Quarterly","2024-Q1","5357288.30476423","Millions","","","Reported official data","","true","","Public (Unrestricted)","","Public or Unrestricted",""
"Türkiye, Republic of","Liabilities, Transferable Deposits, Included In Broad Money","Domestic currency","Quarterly","2024-Q2","5477073.15830258","Millions","","","Reported official data","","true","","Public (Unrestricted)","","Public or Unrestricted",""
"Türkiye, Republic of","Liabilities, Transferable Deposits, Included In Broad Money","Domestic currency","Quarterly","2024-Q3","6440796.56708811","Millions","","","Reported official data","","true","","Public (Unrestricted)","","Public or Unrestricted",""
"Türkiye, Republic of","Liabilities, Transferable Deposits, Included In Broad Money","Domestic currency","Quarterly","2024-Q4","7004485.78126773","Millions","","","Reported official data","","true","","Public (Unrestricted)","","Public or Unrestricted",""
"Türkiye, Republic of","Liabilities, Transferable Deposits, Included In Broad Money","Domestic currency","Quarterly","2025-Q1","7309255.0434839","Millions","","","Reported official data","","true","","Public (Unrestricted)","","Public or Unrestricted",""
"Türkiye, Republic of","Liabilities, Transferable Deposits, Included In Broad Money","Domestic currency","Quarterly","2025-Q2","8237496.92373395","Millions","","","Reported official data","","true","","Public (Unrestricted)","","Public or Unrestricted",""
"Türkiye, Republic of","Liabilities, Transferable Deposits, Included In Broad Money","Domestic currency","Quarterly","2025-Q3","9330263.28693574","Millions","","","Reported official data","","true","","Public (Unrestricted)","","Public or Unrestricted",""
"United States","Liabilities, Transferable Deposits, Included In Broad Money","US dollar","Quarterly","2011-Q1","1006549.199926739","Millions","","","Reported official data","","true","","Public (Unrestricted)","","Public or Unrestricted",""
"United States","Liabilities, Transferable Deposits, Included In Broad Money","US dollar","Quarterly","2011-Q2","1073980.232644375","Millions","","","Reported official data","","true","","Public (Unrestricted)","","Public or Unrestricted",""
"United States","Liabilities, Transferable Deposits, Included In Broad Money","US dollar","Quarterly","2011-Q3","1226249.219071175","Millions","","","Reported official data","","true","","Public (Unrestricted)","","Public or Unrestricted",""
"United States","Liabilities, Transferable Deposits, Included In Broad Money","US dollar","Quarterly","2011-Q4","1321946.52112983","Millions","","","Reported official data","","true","","Public (Unrestricted)","","Public or Unrestricted",""
"United States","Liabilities, Transferable Deposits, Included In Broad Money","US dollar","Quarterly","2012-Q1","1313138.878063533","Millions","","","Reported official data","","true","","Public (Unrestricted)","","Public or Unrestricted",""
"United States","Liabilities, Transferable Deposits, Included In Broad Money","US dollar","Quarterly","2012-Q2","1305180.255705174","Millions","","","Reported official data","","true","","Public (Unrestricted)","","Public or Unrestricted",""
"United States","Liabilities, Transferable Deposits, Included In Broad Money","US dollar","Quarterly","2012-Q3","1339178.518967795","Millions","","","Reported official data","","true","","Public (Unrestricted)","","Public or Unrestricted",""
"United States","Liabilities, Transferable Deposits, Included In Broad Money","US dollar","Quarterly","2012-Q4","1505015.815383916","Millions","","","Reported official data","","true","","Public (Unrestricted)","","Public or Unrestricted",""
"United States","Liabilities, Transferable Deposits, Included In Broad Money","US dollar","Quarterly","2013-Q1","1541790.58792648","Millions","","","Reported official data","","true","","Public (Unrestricted)","","Public or Unrestricted",""
"United States","Liabilities, Transferable Deposits, Included In Broad Money","US dollar","Quarterly","2013-Q2","1443458.986981134","Millions","","","Reported official data","","true","","Public (Unrestricted)","","Public or Unrestricted",""
"United States","Liabilities, Transferable Deposits, Included In Broad Money","US dollar","Quarterly","2013-Q3","1535024.465918767","Millions","","","Reported official data","","true","","Public (Unrestricted)","","Public or Unrestricted",""
"United States","Liabilities, Transferable Deposits, Included In Broad Money","US dollar","Quarterly","2013-Q4","1640989.425374228","Millions","","","Reported official data","","true","","Public (Unrestricted)","","Public or Unrestricted",""
"United States","Liabilities, Transferable Deposits, Included In Broad Money","US dollar","Quarterly","2014-Q1","1652687.376575653","Millions","","","Reported official data","","true","","Public (Unrestricted)","","Public or Unrestricted",""
"United States","Liabilities, Transferable Deposits, Included In Broad Money","US dollar","Quarterly","2014-Q2","1746085.731567736","Millions","","","Reported official data","","true","","Public (Unrestricted)","","Public or Unrestricted",""
"United States","Liabilities, Transferable Deposits, Included In Broad Money","US dollar","Quarterly","2014-Q3","1758812.289453756","Millions","","","Reported official data","","true","","Public (Unrestricted)","","Public or Unrestricted",""
"United States","Liabilities, Transferable Deposits, Included In Broad Money","US dollar","Quarterly","2014-Q4","1785170.784770597","Millions","","","Reported official data","","true","","Public (Unrestricted)","","Public or Unrestricted",""
"United States","Liabilities, Transferable Deposits, Included In Broad Money","US dollar","Quarterly","2015-Q1","1891313.589282558","Millions","","","Reported official data","","true","","Public (Unrestricted)","","Public or Unrestricted",""
"United States","Liabilities, Transferable Deposits, Included In Broad Money","US dollar","Quarterly","2015-Q2","1832986.915326109","Millions","","","Reported official data","","true","","Public (Unrestricted)","","Public or Unrestricted",""
"United States","Liabilities, Transferable Deposits, Included In Broad Money","US dollar","Quarterly","2015-Q3","1808511.269900535","Millions","","","Reported official data","","true","","Public (Unrestricted)","","Public or Unrestricted",""
"United States","Liabilities, Transferable Deposits, Included In Broad Money","US dollar","Quarterly","2015-Q4","1827334.143694191","Millions","","","Reported official data","","true","","Public (Unrestricted)","","Public or Unrestricted",""
"United States","Liabilities, Transferable Deposits, Included In Broad Money","US dollar","Quarterly","2016-Q1","1854924.669410925","Millions","","","Reported official data","","true","","Public (Unrestricted)","","Public or Unrestricted",""
"United States","Liabilities, Transferable Deposits, Included In Broad Money","US dollar","Quarterly","2016-Q2","1878173.862271404","Millions","","","Reported official data","","true","","Public (Unrestricted)","","Public or Unrestricted",""
"United States","Liabilities, Transferable Deposits, Included In Broad Money","US dollar","Quarterly","2016-Q3","1899794.058685346","Millions","","","Reported official data","","true","","Public (Unrestricted)","","Public or Unrestricted",""
"United States","Liabilities, Transferable Deposits, Included In Broad Money","US dollar","Quarterly","2016-Q4","1885695.578433396","Millions","","","Reported official data","","true","","Public (Unrestricted)","","Public or Unrestricted",""
"United States","Liabilities, Transferable Deposits, Included In Broad Money","US dollar","Quarterly","2017-Q1","2182049.339127243","Millions","","","Reported official data","","true","","Public (Unrestricted)","","Public or Unrestricted",""
"United States","Liabilities, Transferable Deposits, Included In Broad Money","US dollar","Quarterly","2017-Q2","2154848.82505926","Millions","","","Reported official data","","true","","Public (Unrestricted)","","Public or Unrestricted",""
"United States","Liabilities, Transferable Deposits, Included In Broad Money","US dollar","Quarterly","2017-Q3","2111407.542851756","Millions","","","Reported official data","","true","","Public (Unrestricted)","","Public or Unrestricted",""
"United States","Liabilities, Transferable Deposits, Included In Broad Money","US dollar","Quarterly","2017-Q4","2156279.413922916","Millions","","","Reported official data","","true","","Public (Unrestricted)","","Public or Unrestricted",""
"United States","Liabilities, Transferable Deposits, Included In Broad Money","US dollar","Quarterly","2018-Q1","2176812.520485254","Millions","","","Reported official data","","true","","Public (Unrestricted)","","Public or Unrestricted",""
"United States","Liabilities, Transferable Deposits, Included In Broad Money","US dollar","Quarterly","2018-Q2","2065106.539046246","Millions","","","Reported official data","","true","","Public (Unrestricted)","","Public or Unrestricted",""
"United States","Liabilities, Transferable Deposits, Included In Broad Money","US dollar","Quarterly","2018-Q3","1989407.175542859","Millions","","","Reported official data","","true","","Public (Unrestricted)","","Public or Unrestricted",""
"United States","Liabilities, Transferable Deposits, Included In Broad Money","US dollar","Quarterly","2018-Q4","2102233.736909991","Millions","","","Reported official data","","true","","Public (Unrestricted)","","Public or Unrestricted",""
"United States","Liabilities, Transferable Deposits, Included In Broad Money","US dollar","Quarterly","2019-Q1","2095718.152360059","Millions","","","Reported official data","","true","","Public (Unrestricted)","","Public or Unrestricted",""
"United States","Liabilities, Transferable Deposits, Included In Broad Money","US dollar","Quarterly","2019-Q2","2171323.140882063","Millions","","","Reported official data","","true","","Public (Unrestricted)","","Public or Unrestricted",""
"United States","Liabilities, Transferable Deposits, Included In Broad Money","US dollar","Quarterly","2019-Q3","2157536.107682185","Millions","","","Reported official data","","true","","Public (Unrestricted)","","Public or Unrestricted",""
"United States","Liabilities, Transferable Deposits, Included In Broad Money","US dollar","Quarterly","2019-Q4","2273561.538115356","Millions","","","Reported official data","","true","","Public (Unrestricted)","","Public or Unrestricted",""
"United States","Liabilities, Transferable Deposits, Included In Broad Money","US dollar","Quarterly","2020-Q1","2716229.364178878","Millions","","","Reported official data","","true","","Public (Unrestricted)","","Public or Unrestricted",""
"United States","Liabilities, Transferable Deposits, Included In Broad Money","US dollar","Quarterly","2020-Q2","2795899.285846004","Millions","","","Reported official data","","true","","Public (Unrestricted)","","Public or Unrestricted",""
"United States","Liabilities, Transferable Deposits, Included In Broad Money","US dollar","Quarterly","2020-Q3","2893708.510999457","Millions","","","Reported official data","","true","","Public (Unrestricted)","","Public or Unrestricted",""
"United States","Liabilities, Transferable Deposits, Included In Broad Money","US dollar","Quarterly","2020-Q4","3972869.723022111","Millions","","","Reported official data","","true","","Public (Unrestricted)","","Public or Unrestricted",""
"United States","Liabilities, Transferable Deposits, Included In Broad Money","US dollar","Quarterly","2021-Q1","4602768.809960729","Millions","","","Reported official data","","true","","Public (Unrestricted)","","Public or Unrestricted",""
"United States","Liabilities, Transferable Deposits, Included In Broad Money","US dollar","Quarterly","2021-Q2","5176472.859887859","Millions","","","Reported official data","","true","","Public (Unrestricted)","","Public or Unrestricted",""
"United States","Liabilities, Transferable Deposits, Included In Broad Money","US dollar","Quarterly","2021-Q3","5933190.462402968","Millions","","","Reported official data","","true","","Public (Unrestricted)","","Public or Unrestricted",""
"United States","Liabilities, Transferable Deposits, Included In Broad Money","US dollar","Quarterly","2021-Q4","6055910.122735157","Millions","","","Reported official data","","true","","Public (Unrestricted)","","Public or Unrestricted",""
"United States","Liabilities, Transferable Deposits, Included In Broad Money","US dollar","Quarterly","2022-Q1","6061667.718521396","Millions","","","Reported official data","","true","","Public (Unrestricted)","","Public or Unrestricted",""
"United States","Liabilities, Transferable Deposits, Included In Broad Money","US dollar","Quarterly","2022-Q2","6172538.217913863","Millions","","","Reported official data","","true","","Public (Unrestricted)","","Public or Unrestricted",""
"United States","Liabilities, Transferable Deposits, Included In Broad Money","US dollar","Quarterly","2022-Q3","6356308.778945049","Millions","","","Reported official data","","true","","Public (Unrestricted)","","Public or Unrestricted",""
"United States","Liabilities, Transferable Deposits, Included In Broad Money","US dollar","Quarterly","2022-Q4","6372936.179031352","Millions","","","Reported official data","","true","","Public (Unrestricted)","","Public or Unrestricted",""
"United States","Liabilities, Transferable Deposits, Included In Broad Money","US dollar","Quarterly","2023-Q1","6525484.798616699","Millions","","","Reported official data","","true","","Public (Unrestricted)","","Public or Unrestricted",""
"United States","Liabilities, Transferable Deposits, Included In Broad Money","US dollar","Quarterly","2023-Q2","6238553.352300475","Millions","","","Reported official data","","true","","Public (Unrestricted)","","Public or Unrestricted",""
"United States","Liabilities, Transferable Deposits, Included In Broad Money","US dollar","Quarterly","2023-Q3","5931124.221420545","Millions","","","Reported official data","","true","","Public (Unrestricted)","","Public or Unrestricted",""
"United States","Liabilities, Transferable Deposits, Included In Broad Money","US dollar","Quarterly","2023-Q4","5908683.356208798","Millions","","","Reported official data","","true","","Public (Unrestricted)","","Public or Unrestricted",""
"United States","Liabilities, Transferable Deposits, Included In Broad Money","US dollar","Quarterly","2024-Q1","6199187.378766858","Millions","","","Reported official data","","true","","Public (Unrestricted)","","Public or Unrestricted",""
"United States","Liabilities, Transferable Deposits, Included In Broad Money","US dollar","Quarterly","2024-Q2","6079409.909176094","Millions","","","Reported official data","","true","","Public (Unrestricted)","","Public or Unrestricted",""
"United States","Liabilities, Transferable Deposits, Included In Broad Money","US dollar","Quarterly","2024-Q3","6124667.516431678","Millions","","","Reported official data","","true","","Public (Unrestricted)","","Public or Unrestricted",""
"United States","Liabilities, Transferable Deposits, Included In Broad Money","US dollar","Quarterly","2024-Q4","6468145.22847018","Millions","","","Reported official data","","true","","Public (Unrestricted)","","Public or Unrestricted",""
"United States","Liabilities, Transferable Deposits, Included In Broad Money","US dollar","Quarterly","2025-Q1","6871159.117133277","Millions","","","Reported official data","","true","","Public (Unrestricted)","","Public or Unrestricted",""
"Italy","Liabilities, Transferable Deposits, Included In Broad Money","Euro","Quarterly","2011-Q1","742057","Millions","","","Reported official data","","true","","Public (Unrestricted)","","Public or Unrestricted",""
"Italy","Liabilities, Transferable Deposits, Included In Broad Money","Euro","Quarterly","2011-Q2","742595","Millions","","","Reported official data","","true","","Public (Unrestricted)","","Public or Unrestricted",""
"Italy","Liabilities, Transferable Deposits, Included In Broad Money","Euro","Quarterly","2011-Q3","735120","Millions","","","Reported official data","","true","","Public (Unrestricted)","","Public or Unrestricted",""
"Italy","Liabilities, Transferable Deposits, Included In Broad Money","Euro","Quarterly","2011-Q4","736085","Millions","","","Reported official data","","true","","Public (Unrestricted)","","Public or Unrestricted",""
"Italy","Liabilities, Transferable Deposits, Included In Broad Money","Euro","Quarterly","2012-Q1","711211","Millions","","","Reported official data","","true","","Public (Unrestricted)","","Public or Unrestricted",""
"Italy","Liabilities, Transferable Deposits, Included In Broad Money","Euro","Quarterly","2012-Q2","709449","Millions","","","Reported official data","","true","","Public (Unrestricted)","","Public or Unrestricted",""
"Italy","Liabilities, Transferable Deposits, Included In Broad Money","Euro","Quarterly","2012-Q3","716364","Millions","","","Reported official data","","true","","Public (Unrestricted)","","Public or Unrestricted",""
"Italy","Liabilities, Transferable Deposits, Included In Broad Money","Euro","Quarterly","2012-Q4","731945","Millions","","","Reported official data","","true","","Public (Unrestricted)","","Public or Unrestricted",""
"Italy","Liabilities, Transferable Deposits, Included In Broad Money","Euro","Quarterly","2013-Q1","737679","Millions","","","Reported official data","","true","","Public (Unrestricted)","","Public or Unrestricted",""
"Italy","Liabilities, Transferable Deposits, Included In Broad Money","Euro","Quarterly","2013-Q2","737724","Millions","","","Reported official data","","true","","Public (Unrestricted)","","Public or Unrestricted",""
"Italy","Liabilities, Transferable Deposits, Included In Broad Money","Euro","Quarterly","2013-Q3","736966","Millions","","","Reported official data","","true","","Public (Unrestricted)","","Public or Unrestricted",""
"Italy","Liabilities, Transferable Deposits, Included In Broad Money","Euro","Quarterly","2013-Q4","753282","Millions","","","Reported official data","","true","","Public (Unrestricted)","","Public or Unrestricted",""
"Italy","Liabilities, Transferable Deposits, Included In Broad Money","Euro","Quarterly","2014-Q1","759259","Millions","","","Reported official data","","true","","Public (Unrestricted)","","Public or Unrestricted",""
"Italy","Liabilities, Transferable Deposits, Included In Broad Money","Euro","Quarterly","2014-Q2","772654","Millions","","","Reported official data","","true","","Public (Unrestricted)","","Public or Unrestricted",""
"Italy","Liabilities, Transferable Deposits, Included In Broad Money","Euro","Quarterly","2014-Q3","791541","Millions","","","Reported official data","","true","","Public (Unrestricted)","","Public or Unrestricted",""
"Italy","Liabilities, Transferable Deposits, Included In Broad Money","Euro","Quarterly","2014-Q4","821435","Millions","","","Reported official data","","true","","Public (Unrestricted)","","Public or Unrestricted",""
"Italy","Liabilities, Transferable Deposits, Included In Broad Money","Euro","Quarterly","2015-Q1","828504","Millions","","","Reported official data","","true","","Public (Unrestricted)","","Public or Unrestricted",""
"Italy","Liabilities, Transferable Deposits, Included In Broad Money","Euro","Quarterly","2015-Q2","846996","Millions","","","Reported official data","","true","","Public (Unrestricted)","","Public or Unrestricted",""
"Italy","Liabilities, Transferable Deposits, Included In Broad Money","Euro","Quarterly","2015-Q3","856984","Millions","","","Reported official data","","true","","Public (Unrestricted)","","Public or Unrestricted",""
"Italy","Liabilities, Transferable Deposits, Included In Broad Money","Euro","Quarterly","2015-Q4","891700","Millions","","","Reported official data","","true","","Public (Unrestricted)","","Public or Unrestricted",""
"Italy","Liabilities, Transferable Deposits, Included In Broad Money","Euro","Quarterly","2016-Q1","898749","Millions","","","Reported official data","","true","","Public (Unrestricted)","","Public or Unrestricted",""
"Italy","Liabilities, Transferable Deposits, Included In Broad Money","Euro","Quarterly","2016-Q2","917142","Millions","","","Reported official data","","true","","Public (Unrestricted)","","Public or Unrestricted",""
"Italy","Liabilities, Transferable Deposits, Included In Broad Money","Euro","Quarterly","2016-Q3","933743","Millions","","","Reported official data","","true","","Public (Unrestricted)","","Public or Unrestricted",""
"Italy","Liabilities, Transferable Deposits, Included In Broad Money","Euro","Quarterly","2016-Q4","987865","Millions","","","Reported official data","","true","","Public (Unrestricted)","","Public or Unrestricted",""
"Italy","Liabilities, Transferable Deposits, Included In Broad Money","Euro","Quarterly","2017-Q1","979578","Millions","","","Reported official data","","true","","Public (Unrestricted)","","Public or Unrestricted",""
"Italy","Liabilities, Transferable Deposits, Included In Broad Money","Euro","Quarterly","2017-Q2","996383","Millions","","","Reported official data","","true","","Public (Unrestricted)","","Public or Unrestricted",""
"Italy","Liabilities, Transferable Deposits, Included In Broad Money","Euro","Quarterly","2017-Q3","1027085","Millions","","","Reported official data","","true","","Public (Unrestricted)","","Public or Unrestricted",""
"Italy","Liabilities, Transferable Deposits, Included In Broad Money","Euro","Quarterly","2017-Q4","1059756","Millions","","","Reported official data","","true","","Public (Unrestricted)","","Public or Unrestricted",""
"Italy","Liabilities, Transferable Deposits, Included In Broad Money","Euro","Quarterly","2018-Q1","1071086","Millions","","","Reported official data","","true","","Public (Unrestricted)","","Public or Unrestricted",""
"Italy","Liabilities, Transferable Deposits, Included In Broad Money","Euro","Quarterly","2018-Q2","1101349","Millions","","","Reported official data","","true","","Public (Unrestricted)","","Public or Unrestricted",""
"Italy","Liabilities, Transferable Deposits, Included In Broad Money","Euro","Quarterly","2018-Q3","1106156","Millions","","","Reported official data","","true","","Public (Unrestricted)","","Public or Unrestricted",""
"Italy","Liabilities, Transferable Deposits, Included In Broad Money","Euro","Quarterly","2018-Q4","1109803","Millions","","","Reported official data","","true","","Public (Unrestricted)","","Public or Unrestricted",""
"Italy","Liabilities, Transferable Deposits, Included In Broad Money","Euro","Quarterly","2019-Q1","1122396","Millions","","","Reported official data","","true","","Public (Unrestricted)","","Public or Unrestricted",""
"Italy","Liabilities, Transferable Deposits, Included In Broad Money","Euro","Quarterly","2019-Q2","1149707","Millions","","","Reported official data","","true","","Public (Unrestricted)","","Public or Unrestricted",""
"Italy","Liabilities, Transferable Deposits, Included In Broad Money","Euro","Quarterly","2019-Q3","1163641","Millions","","","Reported official data","","true","","Public (Unrestricted)","","Public or Unrestricted",""
"Italy","Liabilities, Transferable Deposits, Included In Broad Money","Euro","Quarterly","2019-Q4","1182391","Millions","","","Reported official data","","true","","Public (Unrestricted)","","Public or Unrestricted",""
"Italy","Liabilities, Transferable Deposits, Included In Broad Money","Euro","Quarterly","2020-Q1","1204101","Millions","","","Reported official data","","true","","Public (Unrestricted)","","Public or Unrestricted",""
"Italy","Liabilities, Transferable Deposits, Included In Broad Money","Euro","Quarterly","2020-Q2","1231318","Millions","","","Reported official data","","true","","Public (Unrestricted)","","Public or Unrestricted",""
"Italy","Liabilities, Transferable Deposits, Included In Broad Money","Euro","Quarterly","2020-Q3","1279885","Millions","","","Reported official data","","true","","Public (Unrestricted)","","Public or Unrestricted",""
"Italy","Liabilities, Transferable Deposits, Included In Broad Money","Euro","Quarterly","2020-Q4","1348719","Millions","","","Reported official data","","true","","Public (Unrestricted)","","Public or Unrestricted",""
"Italy","Liabilities, Transferable Deposits, Included In Broad Money","Euro","Quarterly","2021-Q1","1356623","Millions","","","Reported official data","","true","","Public (Unrestricted)","","Public or Unrestricted",""
"Italy","Liabilities, Transferable Deposits, Included In Broad Money","Euro","Quarterly","2021-Q2","1394274","Millions","","","Reported official data","","true","","Public (Unrestricted)","","Public or Unrestricted",""
"Italy","Liabilities, Transferable Deposits, Included In Broad Money","Euro","Quarterly","2021-Q3","1412565","Millions","","","Reported official data","","true","","Public (Unrestricted)","","Public or Unrestricted",""
"Italy","Liabilities, Transferable Deposits, Included In Broad Money","Euro","Quarterly","2021-Q4","1480122","Millions","","","Reported official data","","true","","Public (Unrestricted)","","Public or Unrestricted",""
"Italy","Liabilities, Transferable Deposits, Included In Broad Money","Euro","Quarterly","2022-Q1","1456926","Millions","","","Reported official data","","true","","Public (Unrestricted)","","Public or Unrestricted",""
"Italy","Liabilities, Transferable Deposits, Included In Broad Money","Euro","Quarterly","2022-Q2","1465174","Millions","","","Reported official data","","true","","Public (Unrestricted)","","Public or Unrestricted",""
"Italy","Liabilities, Transferable Deposits, Included In Broad Money","Euro","Quarterly","2022-Q3","1461205","Millions","","","Reported official data","","true","","Public (Unrestricted)","","Public or Unrestricted",""
"Italy","Liabilities, Transferable Deposits, Included In Broad Money","Euro","Quarterly","2022-Q4","1457596","Millions","","","Reported official data","","true","","Public (Unrestricted)","","Public or Unrestricted",""
"Italy","Liabilities, Transferable Deposits, Included In Broad Money","Euro","Quarterly","2023-Q1","1368662","Millions","","","Reported official data","","true","","Public (Unrestricted)","","Public or Unrestricted",""
"Italy","Liabilities, Transferable Deposits, Included In Broad Money","Euro","Quarterly","2023-Q2","1336385","Millions","","","Reported official data","","true","","Public (Unrestricted)","","Public or Unrestricted",""
"Italy","Liabilities, Transferable Deposits, Included In Broad Money","Euro","Quarterly","2023-Q3","1339087","Millions","","","Reported official data","","true","","Public (Unrestricted)","","Public or Unrestricted",""
"Italy","Liabilities, Transferable Deposits, Included In Broad Money","Euro","Quarterly","2023-Q4","1343769","Millions","","","Reported official data","","true","","Public (Unrestricted)","","Public or Unrestricted",""
"Italy","Liabilities, Transferable Deposits, Included In Broad Money","Euro","Quarterly","2024-Q1","1312870","Millions","","","Reported official data","","true","","Public (Unrestricted)","","Public or Unrestricted",""
"Italy","Liabilities, Transferable Deposits, Included In Broad Money","Euro","Quarterly","2024-Q2","1346253","Millions","","","Reported official data","","true","","Public (Unrestricted)","","Public or Unrestricted",""
"Italy","Liabilities, Transferable Deposits, Included In Broad Money","Euro","Quarterly","2024-Q3","1316877","Millions","","","Reported official data","","true","","Public (Unrestricted)","","Public or Unrestricted",""
"Italy","Liabilities, Transferable Deposits, Included In Broad Money","Euro","Quarterly","2024-Q4","1363633","Millions","","","Reported official data","","true","","Public (Unrestricted)","","Public or Unrestricted",""
"Italy","Liabilities, Transferable Deposits, Included In Broad Money","Euro","Quarterly","2025-Q1","1342649","Millions","","","Reported official data","","true","","Public (Unrestricted)","","Public or Unrestricted",""
"","","Seasonally adjusted (SA), Euro","","","","","","","","","","","","","",""
"","","Percent change, corresponding period, previous year","","","","","","","","","","","","","",""
"","","Seasonally adjusted (SA), US dollar","","","","","","","","","","","","","",""
"","","Ratio of monetary base to broad money, percent per annum, Percent","","","","","","","","","","","","","",""
"","","Seasonally adjusted factors, Index","","","","","","","","","","","","","",""
"","","Seasonally adjusted (SA), Domestic currency","","","","","","","","","","","","","",""
